"","marg_log_lik","marg_log_lik_sd"
"1",-747.321060672873,3.95102656101169
