"","marg_log_lik","marg_log_lik_sd"
"1",-763.343626359714,5.15551160553687
