"","marg_log_lik","marg_log_lik_sd"
"1",-746.854613053243,5.11533047587549
