"","marg_log_lik","marg_log_lik_sd"
"1",-1106.02856600386,0.467910675533292
