"","marg_log_lik","marg_log_lik_sd"
"1",-740.404497610408,5.71001446011993
