"","marg_log_lik","marg_log_lik_sd"
"1",-694.186577172615,4.46518949051109
