"","marg_log_lik","marg_log_lik_sd"
"1",-698.213100610768,6.48117924649579
