"","marg_log_lik","marg_log_lik_sd"
"1",-4095.48040439813,12.5461166034903
