"","marg_log_lik","marg_log_lik_sd"
"1",-6934.9269588417,1.72866396483657
