"","marg_log_lik","marg_log_lik_sd"
"1",-6934.4865913212,1.25591142236632
