"","marg_log_lik","marg_log_lik_sd"
"1",-4083.89209071155,13.8773250320943
