"","site_model_name","clock_model_name","tree_prior_name","marg_log_lik","marg_log_lik_sd","weight"
"1","JC69","strict","birth_death",-123.762529202248,0.387567128060883,0.641499942398555
"2","JC69","strict","yule",-125.040558299399,0.372123300754335,0.178712790900875
"3","GTR","strict","birth_death",-125.034563996223,0.380298113425992,0.179787266700569
