"","site_model_name","clock_model_name","tree_prior_name","marg_log_lik","marg_log_lik_sd","weight","ess"
"1","JC69","strict","birth_death",-8231.63220320861,5.8300492307748,0.999999490796634,5.11233306980303
"2","HKY","strict","yule",-8246.12645599806,6.44404442767709,0.000000507254341865853,10.4212506690585
"3","TN93","strict","yule",-8251.68813967368,7.08524615150114,0.00000000194902424989836,7.00484121609806
