"","marg_log_lik","marg_log_lik_sd"
"1",-1109.42465602586,0.452882758318196
