"","marg_log_lik","marg_log_lik_sd"
"1",-754.898716421425,5.52841026336014
