"","marg_log_lik","marg_log_lik_sd"
"1",-737.03046259053,4.84935165841656
