"","marg_log_lik","marg_log_lik_sd"
"1",-784.200139117932,5.95199049582891
