"","marg_log_lik","marg_log_lik_sd"
"1",-699.864316624672,5.03373485028055
