"","marg_log_lik","marg_log_lik_sd"
"1",-677.241551725165,4.97956226625017
