"","marg_log_lik","marg_log_lik_sd"
"1",-691.117711874766,3.84434422356201
