"","marg_log_lik","marg_log_lik_sd"
"1",-740.498739299318,3.75915630761699
