"","marg_log_lik","marg_log_lik_sd"
"1",-732.065645848214,4.04206815936146
