"","marg_log_lik","marg_log_lik_sd"
"1",-770.752109001408,4.36412342411347
