"","marg_log_lik","marg_log_lik_sd"
"1",-714.310644102898,4.70951135670935
