"","marg_log_lik","marg_log_lik_sd"
"1",-719.815581170115,4.05979285142375
