"","marg_log_lik","marg_log_lik_sd"
"1",-694.46385240023,3.9368019509136
