"","marg_log_lik","marg_log_lik_sd"
"1",-664.704914810088,4.12583111543887
