"","folder","tree","best_or_gen","nltt_1","nltt_2","nltt_3","nltt_4"
"1","data/0.2-0.15-1-0.1/1","true","gen",0.244733408605679,0.302220225307001,0.302235602866818,0.302334423288931
"2","data/0.2-0.15-1-0.1/1","true","best",0.244733408605679,0.312471210301032,0.314504464309035,0.311553475563577
"3","data/0.2-0.15-1-0.1/1","twin","gen",0.267230709022346,0.325477071716839,0.328327168912743,0.3254155675693
"4","data/0.2-0.15-1-0.1/1","twin","best",0.267230709022346,0.265206491466617,0.266776539517863,0.265557506561177
"5","data/0.2-0.15-1-0.1/2","true","gen",0.071951266205531,0.12189194509345,0.124228572373637,0.123301198697315
"6","data/0.2-0.15-1-0.1/2","true","best",0.071951266205531,0.131789646857274,0.13089773350837,0.134962245777106
"7","data/0.2-0.15-1-0.1/2","twin","gen",0.169132031205531,0.194071982597166,0.183452624823216,0.178711323397073
"8","data/0.2-0.15-1-0.1/2","twin","best",0.169132031205531,0.196107167157239,0.175333933121239,0.173189888430581
