"","lambda","mu","nu","q","crown_age","cond","seed","site_model","clock_model","tree_prior","gen_model","best_or_gen","nltt_1","nltt_2","nltt_3","nltt_4"
"1",0.2,0.15,1,0.1,6,1,1,"JC69","strict","birth_death","bd","best",0.0540311407615583,0.0818714793188882,0.0998060803439575,0.040895040634534
"2",0.2,0.15,1,0.1,6,1,1,"JC69","strict","birth_death","mbd","best",0.0342726202060027,0.0745271892701496,0.0411461510314988,0.0347201588593633
"3",0.2,0.15,1,0.1,6,1,1,"JC69","strict","birth_death","bd","gen",0.0540311407615583,0.0899433122210374,0.00856343028927015,0.119911598350118
"4",0.2,0.15,1,0.1,6,1,1,"JC69","strict","birth_death","mbd","gen",0.0342726202060027,0.0843507222511746,0.0483032413086626,0.0488148394649572
"5",0.2,0.15,1,0.1,6,1,2,"GTR","strict","birth_death","bd","best",0.104809132075884,0.130331418413324,0.164341488826129,0.175112770025936
"6",0.2,0.15,1,0.1,6,1,2,"JC69","strict","yule","mbd","best",0.0550871979092174,0.120005120918654,0.115933844820739,0.123052022242364
"7",0.2,0.15,1,0.1,6,1,2,"JC69","strict","birth_death","bd","gen",0.104809132075884,0.151877618685787,0.174506649583015,0.177757527200754
"8",0.2,0.15,1,0.1,6,1,2,"JC69","strict","birth_death","mbd","gen",0.0550871979092174,0.117166540565067,0.121971633484084,0.123392471559857
