"","lambda","mu","nu","q","seed","crown_age","cond","site_model","clock_model","tree_prior","gen_model","best_or_gen","nltt_1","nltt_2","nltt_3","nltt_4"
"1",0.2,0.15,1,0.1,1,15,1,"JC69","strict","yule","bd","best",0.161963842330986,0.190547534214425,0.189906691554903,0.189099015818169
"2",0.2,0.15,1,0.1,1,15,1,"JC69","strict","yule","mbd","best",0.15190725076081,0.181025058553852,0.177234793260952,0.176825486060222
"3",0.2,0.15,1,0.1,1,15,1,"JC69","strict","birth_death","bd","gen",0.161963842330986,0.177260733319952,0.176382293683082,0.173002698791545
"4",0.2,0.15,1,0.1,1,15,1,"JC69","strict","birth_death","mbd","gen",0.184455599851207,0.267465325627573,0.255158837384365,0.264965106134378
"5",0.2,0.15,1,0.1,2,15,1,"JC69","strict","yule","bd","best",0.125592158010619,0.121457781280195,0.0512238148866827,0.103910466352325
"6",0.2,0.15,1,0.1,2,15,1,"GTR","strict","birth_death","mbd","best",0.141323672788396,0.0914638633580705,0.106616414313512,0.103505005586442
"7",0.2,0.15,1,0.1,2,15,1,"JC69","strict","birth_death","bd","gen",0.125592158010619,0.109090456762047,0.123077493952392,0.116697130859177
"8",0.2,0.15,1,0.1,2,15,1,"JC69","strict","birth_death","mbd","gen",0.141323672788396,0.117981346458912,0.111481824462276,0.0895663006371655
