"","marg_log_lik","marg_log_lik_sd"
"1",-3999.88243485968,13.7876959644962
