"","marg_log_lik","marg_log_lik_sd"
"1",-3948.13911047974,12.3892783816429
