"","marg_log_lik","marg_log_lik_sd"
"1",-4286.70879243333,14.2910440795174
