"","marg_log_lik","marg_log_lik_sd"
"1",-6236.8504133087,0.462395270316193
