"","marg_log_lik","marg_log_lik_sd"
"1",-4126.52697196399,14.1901035593176
