"","marg_log_lik","marg_log_lik_sd"
"1",-3954.28213133878,13.0558810224076
