"","marg_log_lik","marg_log_lik_sd"
"1",-4002.37596763453,12.4113009858723
