"","marg_log_lik","marg_log_lik_sd"
"1",-3942.32602257779,12.5931635997619
