"","marg_log_lik","marg_log_lik_sd"
"1",-4231.18415633653,13.5129386956291
