"","marg_log_lik","marg_log_lik_sd"
"1",-6239.7482992306,1.19007991580691
