"","marg_log_lik","marg_log_lik_sd"
"1",-4054.34329077199,13.9467624206346
