"","marg_log_lik","marg_log_lik_sd"
"1",-4204.8604497032,12.4477999451216
