"","marg_log_lik","marg_log_lik_sd"
"1",-4031.27566320671,13.9626895723644
