"","marg_log_lik","marg_log_lik_sd"
"1",-3877.68672388061,14.6962275224851
