"","marg_log_lik","marg_log_lik_sd"
"1",-3984.13690791524,12.5886012334416
