"","marg_log_lik","marg_log_lik_sd"
"1",-4092.64669280678,15.062134139684
