"","marg_log_lik","marg_log_lik_sd"
"1",-4083.59173726033,13.223300889277
