"","marg_log_lik","marg_log_lik_sd"
"1",-4024.58205343341,15.8273755821186
