"","marg_log_lik","marg_log_lik_sd"
"1",-4122.35952439725,14.929709139555
