"","marg_log_lik","marg_log_lik_sd"
"1",-766.532213093594,4.02709842683956
