"","marg_log_lik","marg_log_lik_sd"
"1",-771.684384235701,4.7669991438085
