"","marg_log_lik","marg_log_lik_sd"
"1",-759.867445815317,5.24333078084896
