"","marg_log_lik","marg_log_lik_sd"
"1",-688.901459969303,4.11808916197459
