"","marg_log_lik","marg_log_lik_sd"
"1",-730.058066712838,4.47622424615221
