"","marg_log_lik","marg_log_lik_sd"
"1",-701.816179961926,5.0406092354369
