"","marg_log_lik","marg_log_lik_sd"
"1",-686.93472427299,4.8756960045646
