"","site_model_name","clock_model_name","tree_prior_name","marg_log_lik","marg_log_lik_sd","weight"
"1","JC69","strict","birth_death",-83.4944305450997,0.351608859336448,0.315310942851186
"2","JC69","strict","yule",-83.50855169245,0.332073016196763,0.310889680682211
"3","GTR","strict","birth_death",-83.3242705902787,0.427006781109224,0.373799376466603
