"","site_model_name","clock_model_name","tree_prior_name","marg_log_lik","marg_log_lik_sd","weight"
"1","JC69","strict","birth_death",-83.383598659666,0.418697857190586,0.345032309312974
"2","JC69","strict","yule",-83.558132581906,0.462449784082397,0.289774820575501
"3","GTR","strict","birth_death",-83.3268110972081,0.393310018254684,0.365192870111525
