"","site_model_name","clock_model_name","tree_prior_name","marg_log_lik","marg_log_lik_sd","weight"
"1","JC69","strict","birth_death",-83.5142488580984,0.381838700006296,0.339635175411828
"2","JC69","strict","yule",-83.5140565598946,0.353531787120892,0.339700492926021
"3","GTR","strict","birth_death",-83.5717260058706,0.507559306723164,0.32066433166215
