"","site_model_name","clock_model_name","tree_prior_name","marg_log_lik","marg_log_lik_sd","weight"
"1","JC69","strict","birth_death",-125.127414460308,0.421722094500577,0.241694440019617
"2","JC69","strict","yule",-124.988271649075,0.438004993667658,0.277776572645781
"3","GTR","strict","birth_death",-124.440201190081,0.427820116787677,0.480528987334602
