"","site_model_name","clock_model_name","tree_prior_name","marg_log_lik","marg_log_lik_sd","weight"
"1","JC69","strict","birth_death",-83.5926264874229,0.424870026686629,0.307408969176564
"2","JC69","strict","yule",-83.5440852900564,0.43991450590147,0.322699066278576
"3","GTR","strict","birth_death",-83.4075945203593,0.351697865740512,0.369891964544859
