"","marg_log_lik","marg_log_lik_sd"
"1",-3927.77854320889,15.5013732443086
