"","marg_log_lik","marg_log_lik_sd"
"1",-3880.65324126042,13.6856492412679
