"","marg_log_lik","marg_log_lik_sd"
"1",-4008.56353941299,13.8404162468715
