"","marg_log_lik","marg_log_lik_sd"
"1",-4147.04658503171,15.1317450490263
