"","marg_log_lik","marg_log_lik_sd"
"1",-4044.6297258507,13.2543558937399
