"","marg_log_lik","marg_log_lik_sd"
"1",-6235.39665147112,1.05561274724361
