"","marg_log_lik","marg_log_lik_sd"
"1",-4148.22691223838,12.3385365518046
